vendedor,cliente,direccion,encargado,telefono,folio,fecha,fecha_comprometida,producto,unidades,descripcion
DEYANIRA ZALDIVAR LUGO,AILSA LASTRE BARROSO,Calle San Rafael #941 junto al mercado. Centro Habana.,AILSA LASTRE BARROSO,52592728,PDZ1000,2025-12-06,2025-12-17,ACEITE GIRASOL 1L,174,
DEYANIRA ZALDIVAR LUGO,AILSA LASTRE BARROSO,Calle Galiano #701 entre 10 de Octubre y Quinta Avenida. Diez de Octubre.,AILSA LASTRE BARROSO,52592728,PDZ1000,2025-12-06,2025-12-17,REFRESCO SANTA 33CL DE PINA,125,
DEYANIRA ZALDIVAR LUGO,AILSA LASTRE BARROSO,Calle Neptuno #454 esquina a Malecón. Plaza de la Revolución.,AILSA LASTRE BARROSO,52592728,PDZ1000,2025-12-06,2025-12-17,AGUA MINERAL 1.5L,67,
DEYANIRA ZALDIVAR LUGO,LAZARA SERRANO ROMERO,Calle Galiano #582 entre 23 y 25. Plaza de la Revolución.,LAZARA SERRANO ROMERO,58642681,PDZ1000,2025-12-06,2025-12-17,REFRESCO SANTA 33CL DE PINA,184,
DEYANIRA ZALDIVAR LUGO,LAZARA SERRANO ROMERO,Calle Galiano #237 cerca de la plaza. San Miguel del Padrón.,LAZARA SERRANO ROMERO,58642681,PDZ1000,2025-12-06,2025-12-17,REFRESCO SANTA 33CL DE NARANJA,178,
DEYANIRA ZALDIVAR LUGO,LAZARA SERRANO ROMERO,Calle San Rafael #404 entre Oquendo y San Lázaro. Plaza de la Revolución.,LAZARA SERRANO ROMERO,58642681,PDZ1000,2025-12-06,2025-12-17,AGUA MINERAL 1.5L,160,
DEYANIRA ZALDIVAR LUGO,ANY KEMANDEN,Avenida de Italia #263 al lado del parque. San Miguel del Padrón.,ANY KEMANDEN,58640241,PDZ1000,2025-12-06,2025-12-17,REFRESCO SANTA 33CL DE NARANJA,19,
DEYANIRA ZALDIVAR LUGO,ANY KEMANDEN,Calle Galiano #383 esquina a Malecón. Centro Habana.,ANY KEMANDEN,58640241,PDZ1000,2025-12-06,2025-12-17,ACEITE GIRASOL 1L,40,
DEYANIRA ZALDIVAR LUGO,ANY KEMANDEN,Avenida de la Libertad #832 esquina a Consulado. San Miguel del Padrón.,ANY KEMANDEN,58640241,PDZ1000,2025-12-06,2025-12-17,REFRESCO SANTA 33CL DE LIMON,104,
DEYANIRA ZALDIVAR LUGO,LAZARA SERRANO ROMERO,Avenida de Italia #630 al lado del parque. Marianao.,LAZARA SERRANO ROMERO,58642681,PDZ1001,2025-12-06,2025-12-23,AGUA MINERAL 1.5L,164,
DEYANIRA ZALDIVAR LUGO,LAZARA SERRANO ROMERO,Avenida de la Libertad #572 entre Oquendo y San Lázaro. Vedado.,LAZARA SERRANO ROMERO,58642681,PDZ1001,2025-12-06,2025-12-23,SAL YODADA 1KG,47,
DEYANIRA ZALDIVAR LUGO,LAZARA SERRANO ROMERO,Calle Obispo #669 esquina a Consulado. Vedado.,LAZARA SERRANO ROMERO,58642681,PDZ1001,2025-12-06,2025-12-23,AZUCAR REFINADA 1KG,189,
DEYANIRA ZALDIVAR LUGO,ROLANDO ESCALONA RODRIGUEZ,Calle Neptuno #589 esquina a Consulado. Diez de Octubre.,ROLANDO ESCALONA RODRIGUEZ,56643308,PDZ1001,2025-12-06,2025-12-23,ACEITE GIRASOL 1L,10,"Cliente solicita entrega urgente"
DEYANIRA ZALDIVAR LUGO,ROLANDO ESCALONA RODRIGUEZ,Avenida Salvador Allende #559 frente a la escuela. Plaza de la Revolución.,ROLANDO ESCALONA RODRIGUEZ,56643308,PDZ1001,2025-12-06,2025-12-23,AZUCAR REFINADA 1KG,121,
DEYANIRA ZALDIVAR LUGO,ROLANDO ESCALONA RODRIGUEZ,Paseo del Prado #218 entre Línea y Paseo. Playa.,ROLANDO ESCALONA RODRIGUEZ,56643308,PDZ1001,2025-12-06,2025-12-23,ARROZ ENERGY 10 KG,42,
DEYANIRA ZALDIVAR LUGO,ROLANDO ESCALONA RODRIGUEZ,Avenida de la Libertad #395 cerca de la plaza. Centro Habana.,ROLANDO ESCALONA RODRIGUEZ,56643308,PDZ1001,2025-12-06,2025-12-23,REFRESCO SANTA 33CL DE COLA,96,
DEYANIRA ZALDIVAR LUGO,ANY KEMANDEN,Avenida Salvador Allende #286 esquina a Consulado. Diez de Octubre.,ANY KEMANDEN,58640241,PDZ1002,2025-11-24,2025-12-03,AZUCAR REFINADA 1KG,85,
DEYANIRA ZALDIVAR LUGO,ANY KEMANDEN,Avenida de Italia #951 al lado del parque. La Lisa.,ANY KEMANDEN,58640241,PDZ1002,2025-11-24,2025-12-03,REFRESCO SANTA 33CL DE NARANJA,147,
DEYANIRA ZALDIVAR LUGO,ANY KEMANDEN,Calle Neptuno #288 esquina a Consulado. Cerro.,ANY KEMANDEN,58640241,PDZ1002,2025-11-24,2025-12-03,SAL YODADA 1KG,170,
DEYANIRA ZALDIVAR LUGO,FERNANDO RUIZ MORALES,Avenida de la Libertad #577 junto al mercado. Centro Habana.,FERNANDO RUIZ MORALES,57890123,PDZ1003,2025-12-03,2025-12-13,AZUCAR REFINADA 1KG,122,
DEYANIRA ZALDIVAR LUGO,FERNANDO RUIZ MORALES,Calle Neptuno #370 entre 23 y 25. La Lisa.,FERNANDO RUIZ MORALES,57890123,PDZ1003,2025-12-03,2025-12-13,AZUCAR REFINADA 1KG,160,
DEYANIRA ZALDIVAR LUGO,FERNANDO RUIZ MORALES,Paseo del Prado #515 esquina a Malecón. Centro Habana.,FERNANDO RUIZ MORALES,57890123,PDZ1003,2025-12-03,2025-12-13,AGUA MINERAL 1.5L,146,
DEYANIRA ZALDIVAR LUGO,FERNANDO RUIZ MORALES,Avenida Salvador Allende #988 junto al mercado. Vedado.,FERNANDO RUIZ MORALES,57890123,PDZ1003,2025-12-03,2025-12-13,REFRESCO SANTA 33CL DE COLA,55,
DEYANIRA ZALDIVAR LUGO,ARISNELY PENA ORASMA,Avenida de la Libertad #231 entre Oquendo y San Lázaro. Marianao.,ARISNELY PENA ORASMA,55545946,PDZ1004,2025-12-05,2025-12-13,REFRESCO SANTA 33CL DE PINA,142,
DEYANIRA ZALDIVAR LUGO,ARISNELY PENA ORASMA,Carretera Central #457 frente a la escuela. Marianao.,ARISNELY PENA ORASMA,55545946,PDZ1004,2025-12-05,2025-12-13,AZUCAR REFINADA 1KG,40,
DEYANIRA ZALDIVAR LUGO,ARISNELY PENA ORASMA,Avenida de Italia #940 entre Oquendo y San Lázaro. Playa.,ARISNELY PENA ORASMA,55545946,PDZ1004,2025-12-05,2025-12-13,CERVEZA CRISTAL 350ML,177,
DEYANIRA ZALDIVAR LUGO,ARISNELY PENA ORASMA,Carretera Central #163 entre 10 de Octubre y Quinta Avenida. Cerro.,ARISNELY PENA ORASMA,55545946,PDZ1004,2025-12-05,2025-12-13,ARROZ ENERGY 10 KG,102,
DEYANIRA ZALDIVAR LUGO,ELIZABETH TORRES GOMEZ,Carretera Central #469 junto al mercado. Marianao.,ELIZABETH TORRES GOMEZ,56234567,PDZ1005,2025-12-07,2025-12-15,ACEITE GIRASOL 1L,72,"Cliente solicita entrega urgente"
DEYANIRA ZALDIVAR LUGO,ELIZABETH TORRES GOMEZ,Calle Real #837 entre Línea y Paseo. San Miguel del Padrón.,ELIZABETH TORRES GOMEZ,56234567,PDZ1005,2025-12-07,2025-12-15,REFRESCO SANTA 33CL DE COLA,178,
DEYANIRA ZALDIVAR LUGO,TARCISIO TORRELLA TENA,Calle Neptuno #799 frente a la escuela. Centro Habana.,TARCISIO TORRELLA TENA,58642735,PDZ1006,2025-11-27,2025-11-28,REFRESCO SANTA 33CL DE PINA,135,"Cliente solicita entrega urgente"
DEYANIRA ZALDIVAR LUGO,TARCISIO TORRELLA TENA,Paseo del Prado #208 entre 10 de Octubre y Quinta Avenida. Plaza de la Revolución.,TARCISIO TORRELLA TENA,58642735,PDZ1006,2025-11-27,2025-11-28,ACEITE GIRASOL 1L,89,
DEYANIRA ZALDIVAR LUGO,TARCISIO TORRELLA TENA,Avenida Salvador Allende #710 cerca de la plaza. Boyeros.,TARCISIO TORRELLA TENA,58642735,PDZ1006,2025-11-27,2025-11-28,REFRESCO SANTA 33CL DE LIMON,53,
DEYANIRA ZALDIVAR LUGO,AILSA LASTRE BARROSO,Calle Real #163 entre 23 y 25. Centro Habana.,AILSA LASTRE BARROSO,52592728,PDZ1007,2025-11-25,2025-12-02,REFRESCO SANTA 33CL DE NARANJA,45,
DEYANIRA ZALDIVAR LUGO,AILSA LASTRE BARROSO,Carretera Central #760 al lado del parque. San Miguel del Padrón.,AILSA LASTRE BARROSO,52592728,PDZ1007,2025-11-25,2025-12-02,REFRESCO SANTA 33CL DE LIMON,169,
DEYANIRA ZALDIVAR LUGO,AILSA LASTRE BARROSO,Carretera Central #576 al lado del parque. Vedado.,AILSA LASTRE BARROSO,52592728,PDZ1007,2025-11-25,2025-12-02,AZUCAR REFINADA 1KG,182,
DEYANIRA ZALDIVAR LUGO,ARISNELY PENA ORASMA,Calle Obispo #979 entre Línea y Paseo. Cerro.,ARISNELY PENA ORASMA,55545946,PDZ1008,2025-12-07,2025-12-13,REFRESCO SANTA 33CL DE COLA,176,
DEYANIRA ZALDIVAR LUGO,ARISNELY PENA ORASMA,Avenida Salvador Allende #950 esquina a Consulado. La Lisa.,ARISNELY PENA ORASMA,55545946,PDZ1008,2025-12-07,2025-12-13,REFRESCO SANTA 33CL DE NARANJA,88,
DEYANIRA ZALDIVAR LUGO,DANIEL ORTIZ FERNANDEZ,Calle Obispo #722 cerca de la plaza. San Miguel del Padrón.,DANIEL ORTIZ FERNANDEZ,55789012,PDZ1009,2025-11-27,2025-11-30,REFRESCO SANTA 33CL DE COLA,151,
DEYANIRA ZALDIVAR LUGO,DANIEL ORTIZ FERNANDEZ,Avenida Salvador Allende #678 al lado del parque. Diez de Octubre.,DANIEL ORTIZ FERNANDEZ,55789012,PDZ1009,2025-11-27,2025-11-30,REFRESCO SANTA 33CL DE NARANJA,127,
DEYANIRA ZALDIVAR LUGO,DANIEL ORTIZ FERNANDEZ,Paseo del Prado #807 entre Oquendo y San Lázaro. Centro Habana.,DANIEL ORTIZ FERNANDEZ,55789012,PDZ1009,2025-11-27,2025-11-30,REFRESCO SANTA 33CL DE LIMON,18,
DEYANIRA ZALDIVAR LUGO,DANIEL ORTIZ FERNANDEZ,Avenida de la Libertad #402 junto al mercado. Boyeros.,DANIEL ORTIZ FERNANDEZ,55789012,PDZ1009,2025-11-27,2025-11-30,AGUA MINERAL 1.5L,96,
DEYANIRA ZALDIVAR LUGO,DANIEL ORTIZ FERNANDEZ,Calle Obispo #831 frente a la escuela. Boyeros.,DANIEL ORTIZ FERNANDEZ,55789012,PDZ1009,2025-11-27,2025-11-30,CERVEZA CRISTAL 350ML,114,
DEYANIRA ZALDIVAR LUGO,LAZARA SERRANO ROMERO,Calle Neptuno #937 entre 23 y 25. La Lisa.,LAZARA SERRANO ROMERO,58642681,PDZ1010,2025-11-20,2025-12-01,REFRESCO SANTA 33CL DE LIMON,23,
DEYANIRA ZALDIVAR LUGO,LAZARA SERRANO ROMERO,Avenida de Italia #919 al lado del parque. Cerro.,LAZARA SERRANO ROMERO,58642681,PDZ1010,2025-11-20,2025-12-01,REFRESCO SANTA 33CL DE COLA,19,
DEYANIRA ZALDIVAR LUGO,LAZARA SERRANO ROMERO,Calle Galiano #504 entre Oquendo y San Lázaro. Marianao.,LAZARA SERRANO ROMERO,58642681,PDZ1010,2025-11-20,2025-12-01,SAL YODADA 1KG,63,
DEYANIRA ZALDIVAR LUGO,ANA ISABEL LEANDRO VARELA,Carretera Central #689 esquina a Malecón. Boyeros.,ANA ISABEL LEANDRO VARELA,53540523,PDZ1011,2025-11-27,2025-12-02,REFRESCO SANTA 33CL DE LIMON,75,
DEYANIRA ZALDIVAR LUGO,ANA ISABEL LEANDRO VARELA,Avenida Salvador Allende #859 entre 10 de Octubre y Quinta Avenida. Boyeros.,ANA ISABEL LEANDRO VARELA,53540523,PDZ1011,2025-11-27,2025-12-02,REFRESCO SANTA 33CL DE LIMON,41,
DEYANIRA ZALDIVAR LUGO,ANA ISABEL LEANDRO VARELA,Paseo del Prado #831 junto al mercado. Cerro.,ANA ISABEL LEANDRO VARELA,53540523,PDZ1011,2025-11-27,2025-12-02,ARROZ ENERGY 10 KG,22,
DEYANIRA ZALDIVAR LUGO,ANA ISABEL LEANDRO VARELA,Avenida de la Libertad #249 esquina a Malecón. La Lisa.,ANA ISABEL LEANDRO VARELA,53540523,PDZ1011,2025-11-27,2025-12-02,AGUA MINERAL 1.5L,87,
DEYANIRA ZALDIVAR LUGO,ANA ISABEL LEANDRO VARELA,Calle Galiano #115 entre Línea y Paseo. Diez de Octubre.,ANA ISABEL LEANDRO VARELA,53540523,PDZ1011,2025-11-27,2025-12-02,SAL YODADA 1KG,73,
DEYANIRA ZALDIVAR LUGO,ROLANDO ESCALONA RODRIGUEZ,Avenida de Italia #517 junto al mercado. Boyeros.,ROLANDO ESCALONA RODRIGUEZ,56643308,PDZ1012,2025-12-06,2025-12-21,ARROZ ENERGY 10 KG,72,
DEYANIRA ZALDIVAR LUGO,ROLANDO ESCALONA RODRIGUEZ,Carretera Central #168 entre Línea y Paseo. Diez de Octubre.,ROLANDO ESCALONA RODRIGUEZ,56643308,PDZ1012,2025-12-06,2025-12-21,REFRESCO SANTA 33CL DE NARANJA,87,
DEYANIRA ZALDIVAR LUGO,ROLANDO ESCALONA RODRIGUEZ,Paseo del Prado #146 entre 10 de Octubre y Quinta Avenida. Playa.,ROLANDO ESCALONA RODRIGUEZ,56643308,PDZ1012,2025-12-06,2025-12-21,REFRESCO SANTA 33CL DE NARANJA,81,
DEYANIRA ZALDIVAR LUGO,ROLANDO ESCALONA RODRIGUEZ,Carretera Central #455 al lado del parque. Boyeros.,ROLANDO ESCALONA RODRIGUEZ,56643308,PDZ1012,2025-12-06,2025-12-21,CERVEZA CRISTAL 350ML,74,
DEYANIRA ZALDIVAR LUGO,ROLANDO ESCALONA RODRIGUEZ,Calle San Rafael #712 entre Oquendo y San Lázaro. Boyeros.,ROLANDO ESCALONA RODRIGUEZ,56643308,PDZ1012,2025-12-06,2025-12-21,ARROZ ENERGY 10 KG,85,
DEYANIRA ZALDIVAR LUGO,ARISNEL RUZ ARAGON,Avenida de Italia #320 cerca de la plaza. La Lisa.,ARISNEL RUZ ARAGON,55898108,PDZ1013,2025-12-07,2025-12-19,AGUA MINERAL 1.5L,50,
DEYANIRA ZALDIVAR LUGO,ARISNEL RUZ ARAGON,Calle Obispo #421 al lado del parque. San Miguel del Padrón.,ARISNEL RUZ ARAGON,55898108,PDZ1013,2025-12-07,2025-12-19,AZUCAR REFINADA 1KG,76,
DEYANIRA ZALDIVAR LUGO,ARISNEL RUZ ARAGON,Avenida Salvador Allende #507 frente a la escuela. Boyeros.,ARISNEL RUZ ARAGON,55898108,PDZ1013,2025-12-07,2025-12-19,REFRESCO SANTA 33CL DE LIMON,49,
DEYANIRA ZALDIVAR LUGO,AILSA LASTRE BARROSO,Calle Neptuno #916 cerca de la plaza. Centro Habana.,AILSA LASTRE BARROSO,52592728,PDZ1013,2025-12-07,2025-12-19,AZUCAR REFINADA 1KG,89,"Cliente solicita entrega urgente"
DEYANIRA ZALDIVAR LUGO,AILSA LASTRE BARROSO,Calle San Rafael #673 esquina a Malecón. Marianao.,AILSA LASTRE BARROSO,52592728,PDZ1013,2025-12-07,2025-12-19,REFRESCO SANTA 33CL DE PINA,27,
DEYANIRA ZALDIVAR LUGO,ARIEL HERNANDEZ VARELA,Paseo del Prado #974 frente a la escuela. Marianao.,ARIEL HERNANDEZ VARELA,53191579,PDZ1013,2025-12-07,2025-12-19,CERVEZA CRISTAL 350ML,101,
DEYANIRA ZALDIVAR LUGO,ARIEL HERNANDEZ VARELA,Calle Real #251 esquina a Malecón. Diez de Octubre.,ARIEL HERNANDEZ VARELA,53191579,PDZ1013,2025-12-07,2025-12-19,AZUCAR REFINADA 1KG,106,
DEYANIRA ZALDIVAR LUGO,DANIEL ORTIZ FERNANDEZ,Paseo del Prado #797 entre 23 y 25. Vedado.,DANIEL ORTIZ FERNANDEZ,55789012,PDZ1014,2025-12-05,2025-12-16,ACEITE GIRASOL 1L,30,
DEYANIRA ZALDIVAR LUGO,DANIEL ORTIZ FERNANDEZ,Avenida de Italia #438 entre Oquendo y San Lázaro. Cerro.,DANIEL ORTIZ FERNANDEZ,55789012,PDZ1014,2025-12-05,2025-12-16,CERVEZA CRISTAL 350ML,140,
DEYANIRA ZALDIVAR LUGO,ARISNELY PENA ORASMA,Paseo del Prado #763 frente a la escuela. Centro Habana.,ARISNELY PENA ORASMA,55545946,PDZ1014,2025-12-05,2025-12-16,SAL YODADA 1KG,89,"Cliente solicita entrega urgente"
DEYANIRA ZALDIVAR LUGO,ARISNELY PENA ORASMA,Carretera Central #498 al lado del parque. Plaza de la Revolución.,ARISNELY PENA ORASMA,55545946,PDZ1014,2025-12-05,2025-12-16,REFRESCO SANTA 33CL DE COLA,162,
DEYANIRA ZALDIVAR LUGO,ARISNELY PENA ORASMA,Calle San Rafael #910 frente a la escuela. Plaza de la Revolución.,ARISNELY PENA ORASMA,55545946,PDZ1014,2025-12-05,2025-12-16,ARROZ ENERGY 10 KG,47,
DEYANIRA ZALDIVAR LUGO,ARIEL HERNANDEZ VARELA,Carretera Central #849 entre Oquendo y San Lázaro. Centro Habana.,ARIEL HERNANDEZ VARELA,53191579,PDZ1014,2025-12-05,2025-12-16,AGUA MINERAL 1.5L,80,"Cliente solicita entrega urgente"
DEYANIRA ZALDIVAR LUGO,ARIEL HERNANDEZ VARELA,Avenida Salvador Allende #429 esquina a Consulado. Vedado.,ARIEL HERNANDEZ VARELA,53191579,PDZ1014,2025-12-05,2025-12-16,REFRESCO SANTA 33CL DE COLA,11,
DEYANIRA ZALDIVAR LUGO,ARIEL HERNANDEZ VARELA,Calle Neptuno #148 entre 10 de Octubre y Quinta Avenida. San Miguel del Padrón.,ARIEL HERNANDEZ VARELA,53191579,PDZ1014,2025-12-05,2025-12-16,ACEITE GIRASOL 1L,111,
DEYANIRA ZALDIVAR LUGO,ARIEL HERNANDEZ VARELA,Avenida de la Libertad #323 entre 23 y 25. San Miguel del Padrón.,ARIEL HERNANDEZ VARELA,53191579,PDZ1014,2025-12-05,2025-12-16,REFRESCO SANTA 33CL DE PINA,67,
DEYANIRA ZALDIVAR LUGO,ARIEL HERNANDEZ VARELA,Calle Obispo #413 al lado del parque. Cerro.,ARIEL HERNANDEZ VARELA,53191579,PDZ1014,2025-12-05,2025-12-16,REFRESCO SANTA 33CL DE LIMON,134,
DEYANIRA ZALDIVAR LUGO,ALEXIS SANTOS MAYEDO HERRERA,Avenida de la Libertad #623 entre 10 de Octubre y Quinta Avenida. Playa.,ALEXIS SANTOS MAYEDO HERRERA,58610346,PDZ1015,2025-11-28,2025-11-30,REFRESCO SANTA 33CL DE COLA,55,"Cliente solicita entrega urgente"
DEYANIRA ZALDIVAR LUGO,ALEXIS SANTOS MAYEDO HERRERA,Calle Obispo #913 al lado del parque. La Lisa.,ALEXIS SANTOS MAYEDO HERRERA,58610346,PDZ1015,2025-11-28,2025-11-30,REFRESCO SANTA 33CL DE PINA,19,
DEYANIRA ZALDIVAR LUGO,ALEXIS SANTOS MAYEDO HERRERA,Avenida de Italia #766 junto al mercado. Cerro.,ALEXIS SANTOS MAYEDO HERRERA,58610346,PDZ1015,2025-11-28,2025-11-30,REFRESCO SANTA 33CL DE LIMON,171,
DEYANIRA ZALDIVAR LUGO,LAZARA SERRANO ROMERO,Carretera Central #805 junto al mercado. Plaza de la Revolución.,LAZARA SERRANO ROMERO,58642681,PDZ1015,2025-11-28,2025-11-30,REFRESCO SANTA 33CL DE COLA,90,"Cliente solicita entrega urgente"
DEYANIRA ZALDIVAR LUGO,LAZARA SERRANO ROMERO,Calle Galiano #235 entre Oquendo y San Lázaro. San Miguel del Padrón.,LAZARA SERRANO ROMERO,58642681,PDZ1015,2025-11-28,2025-11-30,REFRESCO SANTA 33CL DE PINA,64,
DEYANIRA ZALDIVAR LUGO,LAZARA SERRANO ROMERO,Avenida de Italia #321 al lado del parque. Boyeros.,LAZARA SERRANO ROMERO,58642681,PDZ1015,2025-11-28,2025-11-30,REFRESCO SANTA 33CL DE NARANJA,53,
DEYANIRA ZALDIVAR LUGO,ELIZABETH TORRES GOMEZ,Avenida de Italia #973 entre Oquendo y San Lázaro. Marianao.,ELIZABETH TORRES GOMEZ,56234567,PDZ1016,2025-12-06,2025-12-17,SAL YODADA 1KG,162,
DEYANIRA ZALDIVAR LUGO,ELIZABETH TORRES GOMEZ,Paseo del Prado #681 cerca de la plaza. Cerro.,ELIZABETH TORRES GOMEZ,56234567,PDZ1016,2025-12-06,2025-12-17,REFRESCO SANTA 33CL DE NARANJA,198,
DEYANIRA ZALDIVAR LUGO,ALEXIS SANTOS MAYEDO HERRERA,Paseo del Prado #717 entre 10 de Octubre y Quinta Avenida. Marianao.,ALEXIS SANTOS MAYEDO HERRERA,58610346,PDZ1016,2025-12-06,2025-12-17,REFRESCO SANTA 33CL DE PINA,191,
DEYANIRA ZALDIVAR LUGO,ALEXIS SANTOS MAYEDO HERRERA,Calle Neptuno #376 entre 10 de Octubre y Quinta Avenida. Boyeros.,ALEXIS SANTOS MAYEDO HERRERA,58610346,PDZ1016,2025-12-06,2025-12-17,ACEITE GIRASOL 1L,39,
DEYANIRA ZALDIVAR LUGO,AILSA LASTRE BARROSO,Calle Obispo #690 cerca de la plaza. Plaza de la Revolución.,AILSA LASTRE BARROSO,52592728,PDZ1016,2025-12-06,2025-12-17,AZUCAR REFINADA 1KG,153,"Cliente solicita entrega urgente"
DEYANIRA ZALDIVAR LUGO,AILSA LASTRE BARROSO,Carretera Central #281 entre Oquendo y San Lázaro. Cerro.,AILSA LASTRE BARROSO,52592728,PDZ1016,2025-12-06,2025-12-17,REFRESCO SANTA 33CL DE PINA,120,
DEYANIRA ZALDIVAR LUGO,AILSA LASTRE BARROSO,Avenida Salvador Allende #327 entre Oquendo y San Lázaro. Marianao.,AILSA LASTRE BARROSO,52592728,PDZ1016,2025-12-06,2025-12-17,CERVEZA CRISTAL 350ML,14,
DEYANIRA ZALDIVAR LUGO,AILSA LASTRE BARROSO,Paseo del Prado #719 entre Oquendo y San Lázaro. Boyeros.,AILSA LASTRE BARROSO,52592728,PDZ1016,2025-12-06,2025-12-17,SAL YODADA 1KG,90,
DEYANIRA ZALDIVAR LUGO,ANY KEMANDEN,Avenida Salvador Allende #221 esquina a Consulado. Boyeros.,ANY KEMANDEN,58640241,PDZ1017,2025-11-27,2025-12-02,REFRESCO SANTA 33CL DE COLA,61,"Cliente solicita entrega urgente"
DEYANIRA ZALDIVAR LUGO,ANY KEMANDEN,Avenida de Italia #689 entre Línea y Paseo. La Lisa.,ANY KEMANDEN,58640241,PDZ1017,2025-11-27,2025-12-02,ARROZ ENERGY 10 KG,22,
DEYANIRA ZALDIVAR LUGO,ANY KEMANDEN,Calle San Rafael #766 junto al mercado. Marianao.,ANY KEMANDEN,58640241,PDZ1017,2025-11-27,2025-12-02,AGUA MINERAL 1.5L,68,
DEYANIRA ZALDIVAR LUGO,ANY KEMANDEN,Avenida de Italia #999 entre 23 y 25. Diez de Octubre.,ANY KEMANDEN,58640241,PDZ1017,2025-11-27,2025-12-02,AGUA MINERAL 1.5L,146,
DEYANIRA ZALDIVAR LUGO,ANY KEMANDEN,Calle San Rafael #636 al lado del parque. San Miguel del Padrón.,ANY KEMANDEN,58640241,PDZ1017,2025-11-27,2025-12-02,AZUCAR REFINADA 1KG,11,
DEYANIRA ZALDIVAR LUGO,ARISNEL RUZ ARAGON,Carretera Central #832 entre Oquendo y San Lázaro. Cerro.,ARISNEL RUZ ARAGON,55898108,PDZ1017,2025-11-27,2025-12-02,AZUCAR REFINADA 1KG,157,
DEYANIRA ZALDIVAR LUGO,ARISNEL RUZ ARAGON,Calle San Rafael #777 cerca de la plaza. Plaza de la Revolución.,ARISNEL RUZ ARAGON,55898108,PDZ1017,2025-11-27,2025-12-02,ACEITE GIRASOL 1L,198,
DEYANIRA ZALDIVAR LUGO,ARISNEL RUZ ARAGON,Calle Galiano #823 entre 10 de Octubre y Quinta Avenida. La Lisa.,ARISNEL RUZ ARAGON,55898108,PDZ1017,2025-11-27,2025-12-02,SAL YODADA 1KG,60,
DEYANIRA ZALDIVAR LUGO,ARISNEL RUZ ARAGON,Calle Real #122 entre Línea y Paseo. Marianao.,ARISNEL RUZ ARAGON,55898108,PDZ1017,2025-11-27,2025-12-02,CERVEZA CRISTAL 350ML,80,
DEYANIRA ZALDIVAR LUGO,BEATRIZ NUNEZ CABRERA,Avenida de Italia #820 entre Línea y Paseo. Vedado.,BEATRIZ NUNEZ CABRERA,53874521,PDZ1017,2025-11-27,2025-12-02,SAL YODADA 1KG,62,
DEYANIRA ZALDIVAR LUGO,BEATRIZ NUNEZ CABRERA,Avenida de Italia #856 entre Línea y Paseo. La Lisa.,BEATRIZ NUNEZ CABRERA,53874521,PDZ1017,2025-11-27,2025-12-02,AGUA MINERAL 1.5L,165,
DEYANIRA ZALDIVAR LUGO,DANIEL ORTIZ FERNANDEZ,Calle Galiano #763 entre 23 y 25. Diez de Octubre.,DANIEL ORTIZ FERNANDEZ,55789012,PDZ1018,2025-11-20,2025-12-02,AZUCAR REFINADA 1KG,178,"Cliente solicita entrega urgente"
DEYANIRA ZALDIVAR LUGO,DANIEL ORTIZ FERNANDEZ,Calle Galiano #360 entre 23 y 25. Boyeros.,DANIEL ORTIZ FERNANDEZ,55789012,PDZ1018,2025-11-20,2025-12-02,CERVEZA CRISTAL 350ML,45,
DEYANIRA ZALDIVAR LUGO,ARISNEL RUZ ARAGON,Avenida Salvador Allende #956 esquina a Malecón. Centro Habana.,ARISNEL RUZ ARAGON,55898108,PDZ1018,2025-11-20,2025-12-02,REFRESCO SANTA 33CL DE PINA,182,"Cliente solicita entrega urgente"
DEYANIRA ZALDIVAR LUGO,ARISNEL RUZ ARAGON,Calle Galiano #535 al lado del parque. Diez de Octubre.,ARISNEL RUZ ARAGON,55898108,PDZ1018,2025-11-20,2025-12-02,REFRESCO SANTA 33CL DE NARANJA,81,
DEYANIRA ZALDIVAR LUGO,LAZARA SERRANO ROMERO,Calle San Rafael #620 esquina a Malecón. Plaza de la Revolución.,LAZARA SERRANO ROMERO,58642681,PDZ1019,2025-11-23,2025-11-28,CERVEZA CRISTAL 350ML,123,
DEYANIRA ZALDIVAR LUGO,LAZARA SERRANO ROMERO,Avenida de Italia #630 junto al mercado. Diez de Octubre.,LAZARA SERRANO ROMERO,58642681,PDZ1019,2025-11-23,2025-11-28,REFRESCO SANTA 33CL DE PINA,189,
DEYANIRA ZALDIVAR LUGO,LAZARA SERRANO ROMERO,Carretera Central #847 frente a la escuela. Cerro.,LAZARA SERRANO ROMERO,58642681,PDZ1019,2025-11-23,2025-11-28,REFRESCO SANTA 33CL DE COLA,126,
DEYANIRA ZALDIVAR LUGO,LAZARA SERRANO ROMERO,Avenida de Italia #330 entre 10 de Octubre y Quinta Avenida. La Lisa.,LAZARA SERRANO ROMERO,58642681,PDZ1019,2025-11-23,2025-11-28,CERVEZA CRISTAL 350ML,40,
DEYANIRA ZALDIVAR LUGO,ANA ISABEL LEANDRO VARELA,Avenida de Italia #477 entre Línea y Paseo. Diez de Octubre.,ANA ISABEL LEANDRO VARELA,53540523,PDZ1020,2025-11-19,2025-12-07,CERVEZA CRISTAL 350ML,172,"Cliente solicita entrega urgente"
DEYANIRA ZALDIVAR LUGO,ANA ISABEL LEANDRO VARELA,Avenida de Italia #837 junto al mercado. Cerro.,ANA ISABEL LEANDRO VARELA,53540523,PDZ1020,2025-11-19,2025-12-07,REFRESCO SANTA 33CL DE COLA,159,
DEYANIRA ZALDIVAR LUGO,ANA ISABEL LEANDRO VARELA,Calle Obispo #524 entre 10 de Octubre y Quinta Avenida. La Lisa.,ANA ISABEL LEANDRO VARELA,53540523,PDZ1020,2025-11-19,2025-12-07,REFRESCO SANTA 33CL DE PINA,25,
DEYANIRA ZALDIVAR LUGO,ARISNEL RUZ ARAGON,Avenida de Italia #270 entre Línea y Paseo. Diez de Octubre.,ARISNEL RUZ ARAGON,55898108,PDZ1021,2025-12-06,2025-12-14,REFRESCO SANTA 33CL DE NARANJA,172,
DEYANIRA ZALDIVAR LUGO,ARISNEL RUZ ARAGON,Paseo del Prado #502 cerca de la plaza. Boyeros.,ARISNEL RUZ ARAGON,55898108,PDZ1021,2025-12-06,2025-12-14,REFRESCO SANTA 33CL DE PINA,125,
DEYANIRA ZALDIVAR LUGO,ARISNEL RUZ ARAGON,Paseo del Prado #330 al lado del parque. Plaza de la Revolución.,ARISNEL RUZ ARAGON,55898108,PDZ1021,2025-12-06,2025-12-14,REFRESCO SANTA 33CL DE LIMON,165,
DEYANIRA ZALDIVAR LUGO,ARISNEL RUZ ARAGON,Avenida de Italia #509 junto al mercado. Plaza de la Revolución.,ARISNEL RUZ ARAGON,55898108,PDZ1021,2025-12-06,2025-12-14,ACEITE GIRASOL 1L,185,
DEYANIRA ZALDIVAR LUGO,ROLANDO ESCALONA RODRIGUEZ,Calle Neptuno #354 entre 10 de Octubre y Quinta Avenida. Boyeros.,ROLANDO ESCALONA RODRIGUEZ,56643308,PDZ1022,2025-12-03,2025-12-21,CERVEZA CRISTAL 350ML,190,
DEYANIRA ZALDIVAR LUGO,ROLANDO ESCALONA RODRIGUEZ,Calle San Rafael #216 frente a la escuela. Boyeros.,ROLANDO ESCALONA RODRIGUEZ,56643308,PDZ1022,2025-12-03,2025-12-21,CERVEZA CRISTAL 350ML,18,
DEYANIRA ZALDIVAR LUGO,ROLANDO ESCALONA RODRIGUEZ,Avenida Salvador Allende #440 entre 10 de Octubre y Quinta Avenida. San Miguel del Padrón.,ROLANDO ESCALONA RODRIGUEZ,56643308,PDZ1022,2025-12-03,2025-12-21,ACEITE GIRASOL 1L,82,
DEYANIRA ZALDIVAR LUGO,ROLANDO ESCALONA RODRIGUEZ,Calle San Rafael #945 cerca de la plaza. San Miguel del Padrón.,ROLANDO ESCALONA RODRIGUEZ,56643308,PDZ1022,2025-12-03,2025-12-21,REFRESCO SANTA 33CL DE COLA,188,
DEYANIRA ZALDIVAR LUGO,ROLANDO ESCALONA RODRIGUEZ,Carretera Central #462 frente a la escuela. Boyeros.,ROLANDO ESCALONA RODRIGUEZ,56643308,PDZ1022,2025-12-03,2025-12-21,REFRESCO SANTA 33CL DE COLA,172,
DEYANIRA ZALDIVAR LUGO,ANA ISABEL LEANDRO VARELA,Calle San Rafael #902 al lado del parque. Centro Habana.,ANA ISABEL LEANDRO VARELA,53540523,PDZ1022,2025-12-03,2025-12-21,REFRESCO SANTA 33CL DE LIMON,148,"Cliente solicita entrega urgente"
DEYANIRA ZALDIVAR LUGO,ANA ISABEL LEANDRO VARELA,Carretera Central #237 entre Línea y Paseo. Diez de Octubre.,ANA ISABEL LEANDRO VARELA,53540523,PDZ1022,2025-12-03,2025-12-21,REFRESCO SANTA 33CL DE NARANJA,14,
DEYANIRA ZALDIVAR LUGO,ANA ISABEL LEANDRO VARELA,Paseo del Prado #309 entre Línea y Paseo. Cerro.,ANA ISABEL LEANDRO VARELA,53540523,PDZ1022,2025-12-03,2025-12-21,REFRESCO SANTA 33CL DE COLA,58,
DEYANIRA ZALDIVAR LUGO,ANA ISABEL LEANDRO VARELA,Calle Real #696 esquina a Malecón. Diez de Octubre.,ANA ISABEL LEANDRO VARELA,53540523,PDZ1022,2025-12-03,2025-12-21,AGUA MINERAL 1.5L,77,
DEYANIRA ZALDIVAR LUGO,LAZARA SERRANO ROMERO,Calle Neptuno #254 entre 23 y 25. Marianao.,LAZARA SERRANO ROMERO,58642681,PDZ1022,2025-12-03,2025-12-21,CERVEZA CRISTAL 350ML,17,"Cliente solicita entrega urgente"
DEYANIRA ZALDIVAR LUGO,LAZARA SERRANO ROMERO,Paseo del Prado #375 esquina a Malecón. San Miguel del Padrón.,LAZARA SERRANO ROMERO,58642681,PDZ1022,2025-12-03,2025-12-21,ARROZ ENERGY 10 KG,181,
DEYANIRA ZALDIVAR LUGO,LAZARA SERRANO ROMERO,Calle San Rafael #535 frente a la escuela. Marianao.,LAZARA SERRANO ROMERO,58642681,PDZ1022,2025-12-03,2025-12-21,REFRESCO SANTA 33CL DE LIMON,157,
DEYANIRA ZALDIVAR LUGO,LAZARA SERRANO ROMERO,Calle Galiano #744 junto al mercado. Vedado.,LAZARA SERRANO ROMERO,58642681,PDZ1022,2025-12-03,2025-12-21,SAL YODADA 1KG,127,
DEYANIRA ZALDIVAR LUGO,ROLANDO ESCALONA RODRIGUEZ,Paseo del Prado #914 esquina a Consulado. Diez de Octubre.,ROLANDO ESCALONA RODRIGUEZ,56643308,PDZ1023,2025-11-20,2025-12-07,REFRESCO SANTA 33CL DE NARANJA,133,
DEYANIRA ZALDIVAR LUGO,ROLANDO ESCALONA RODRIGUEZ,Avenida de la Libertad #286 esquina a Consulado. Marianao.,ROLANDO ESCALONA RODRIGUEZ,56643308,PDZ1023,2025-11-20,2025-12-07,CERVEZA CRISTAL 350ML,45,
DEYANIRA ZALDIVAR LUGO,ROLANDO ESCALONA RODRIGUEZ,Calle Neptuno #469 frente a la escuela. Marianao.,ROLANDO ESCALONA RODRIGUEZ,56643308,PDZ1023,2025-11-20,2025-12-07,SAL YODADA 1KG,38,
DEYANIRA ZALDIVAR LUGO,ROLANDO ESCALONA RODRIGUEZ,Calle Obispo #584 entre 10 de Octubre y Quinta Avenida. Centro Habana.,ROLANDO ESCALONA RODRIGUEZ,56643308,PDZ1023,2025-11-20,2025-12-07,REFRESCO SANTA 33CL DE NARANJA,101,
DEYANIRA ZALDIVAR LUGO,ROLANDO ESCALONA RODRIGUEZ,Carretera Central #596 entre Línea y Paseo. Marianao.,ROLANDO ESCALONA RODRIGUEZ,56643308,PDZ1023,2025-11-20,2025-12-07,SAL YODADA 1KG,157,
DEYANIRA ZALDIVAR LUGO,TARCISIO TORRELLA TENA,Calle Obispo #657 entre Línea y Paseo. Boyeros.,TARCISIO TORRELLA TENA,58642735,PDZ1024,2025-12-07,2025-12-21,REFRESCO SANTA 33CL DE PINA,142,"Cliente solicita entrega urgente"
DEYANIRA ZALDIVAR LUGO,TARCISIO TORRELLA TENA,Avenida Salvador Allende #144 entre Línea y Paseo. Vedado.,TARCISIO TORRELLA TENA,58642735,PDZ1024,2025-12-07,2025-12-21,REFRESCO SANTA 33CL DE LIMON,145,
DEYANIRA ZALDIVAR LUGO,TARCISIO TORRELLA TENA,Avenida de la Libertad #919 al lado del parque. Cerro.,TARCISIO TORRELLA TENA,58642735,PDZ1024,2025-12-07,2025-12-21,AGUA MINERAL 1.5L,72,
DEYANIRA ZALDIVAR LUGO,ARIEL HERNANDEZ VARELA,Carretera Central #352 al lado del parque. La Lisa.,ARIEL HERNANDEZ VARELA,53191579,PDZ1025,2025-11-27,2025-12-04,SAL YODADA 1KG,53,"Cliente solicita entrega urgente"
DEYANIRA ZALDIVAR LUGO,ARIEL HERNANDEZ VARELA,Calle Galiano #400 frente a la escuela. Vedado.,ARIEL HERNANDEZ VARELA,53191579,PDZ1025,2025-11-27,2025-12-04,CERVEZA CRISTAL 350ML,111,
DEYANIRA ZALDIVAR LUGO,ARIEL HERNANDEZ VARELA,Calle Galiano #391 entre Línea y Paseo. Diez de Octubre.,ARIEL HERNANDEZ VARELA,53191579,PDZ1025,2025-11-27,2025-12-04,AGUA MINERAL 1.5L,171,
DEYANIRA ZALDIVAR LUGO,ARIEL HERNANDEZ VARELA,Calle Neptuno #238 al lado del parque. Playa.,ARIEL HERNANDEZ VARELA,53191579,PDZ1025,2025-11-27,2025-12-04,ACEITE GIRASOL 1L,62,
DEYANIRA ZALDIVAR LUGO,YUNISLEYDI ALVAREZ POZO,Calle Neptuno #329 entre Oquendo y San Lázaro. Cerro.,YUNISLEYDI ALVAREZ POZO,58160084,PDZ1025,2025-11-27,2025-12-04,AZUCAR REFINADA 1KG,192,
DEYANIRA ZALDIVAR LUGO,YUNISLEYDI ALVAREZ POZO,Avenida de la Libertad #525 esquina a Consulado. Diez de Octubre.,YUNISLEYDI ALVAREZ POZO,58160084,PDZ1025,2025-11-27,2025-12-04,CERVEZA CRISTAL 350ML,61,
DEYANIRA ZALDIVAR LUGO,ANA ISABEL LEANDRO VARELA,Avenida Salvador Allende #193 cerca de la plaza. Vedado.,ANA ISABEL LEANDRO VARELA,53540523,PDZ1025,2025-11-27,2025-12-04,ARROZ ENERGY 10 KG,186,
DEYANIRA ZALDIVAR LUGO,ANA ISABEL LEANDRO VARELA,Calle Obispo #626 entre Oquendo y San Lázaro. Diez de Octubre.,ANA ISABEL LEANDRO VARELA,53540523,PDZ1025,2025-11-27,2025-12-04,ARROZ ENERGY 10 KG,183,
DEYANIRA ZALDIVAR LUGO,ANA ISABEL LEANDRO VARELA,Avenida de Italia #501 entre 10 de Octubre y Quinta Avenida. Boyeros.,ANA ISABEL LEANDRO VARELA,53540523,PDZ1025,2025-11-27,2025-12-04,CERVEZA CRISTAL 350ML,118,
DEYANIRA ZALDIVAR LUGO,ANA ISABEL LEANDRO VARELA,Calle Obispo #738 entre 23 y 25. Playa.,ANA ISABEL LEANDRO VARELA,53540523,PDZ1025,2025-11-27,2025-12-04,ACEITE GIRASOL 1L,194,
DEYANIRA ZALDIVAR LUGO,ANA ISABEL LEANDRO VARELA,Avenida Salvador Allende #519 al lado del parque. Boyeros.,ANA ISABEL LEANDRO VARELA,53540523,PDZ1026,2025-11-23,2025-12-01,AZUCAR REFINADA 1KG,181,"Cliente solicita entrega urgente"
DEYANIRA ZALDIVAR LUGO,ANA ISABEL LEANDRO VARELA,Paseo del Prado #913 entre Línea y Paseo. Centro Habana.,ANA ISABEL LEANDRO VARELA,53540523,PDZ1026,2025-11-23,2025-12-01,REFRESCO SANTA 33CL DE LIMON,106,
DEYANIRA ZALDIVAR LUGO,ANA ISABEL LEANDRO VARELA,Avenida Salvador Allende #616 cerca de la plaza. Vedado.,ANA ISABEL LEANDRO VARELA,53540523,PDZ1026,2025-11-23,2025-12-01,REFRESCO SANTA 33CL DE NARANJA,81,
DEYANIRA ZALDIVAR LUGO,ANA ISABEL LEANDRO VARELA,Calle Real #343 frente a la escuela. Vedado.,ANA ISABEL LEANDRO VARELA,53540523,PDZ1026,2025-11-23,2025-12-01,AZUCAR REFINADA 1KG,156,
DEYANIRA ZALDIVAR LUGO,CAMILO PEREZ SANCHEZ,Avenida de la Libertad #835 cerca de la plaza. Boyeros.,CAMILO PEREZ SANCHEZ,54123698,PDZ1027,2025-12-06,2025-12-13,REFRESCO SANTA 33CL DE COLA,182,"Cliente solicita entrega urgente"
DEYANIRA ZALDIVAR LUGO,CAMILO PEREZ SANCHEZ,Calle San Rafael #491 entre Oquendo y San Lázaro. Marianao.,CAMILO PEREZ SANCHEZ,54123698,PDZ1027,2025-12-06,2025-12-13,SAL YODADA 1KG,126,
DEYANIRA ZALDIVAR LUGO,ARMANDO LOPEZ PIMENTEL,Avenida de Italia #838 esquina a Consulado. Vedado.,ARMANDO LOPEZ PIMENTEL,54873368,PDZ1028,2025-11-21,2025-11-28,CERVEZA CRISTAL 350ML,135,"Cliente solicita entrega urgente"
DEYANIRA ZALDIVAR LUGO,ARMANDO LOPEZ PIMENTEL,Avenida de Italia #342 entre Línea y Paseo. Vedado.,ARMANDO LOPEZ PIMENTEL,54873368,PDZ1028,2025-11-21,2025-11-28,ARROZ ENERGY 10 KG,162,
DEYANIRA ZALDIVAR LUGO,ARMANDO LOPEZ PIMENTEL,Paseo del Prado #316 entre 23 y 25. Boyeros.,ARMANDO LOPEZ PIMENTEL,54873368,PDZ1028,2025-11-21,2025-11-28,AGUA MINERAL 1.5L,15,
DEYANIRA ZALDIVAR LUGO,ARMANDO LOPEZ PIMENTEL,Avenida de la Libertad #729 frente a la escuela. La Lisa.,ARMANDO LOPEZ PIMENTEL,54873368,PDZ1028,2025-11-21,2025-11-28,CERVEZA CRISTAL 350ML,101,
DEYANIRA ZALDIVAR LUGO,ARISNEL RUZ ARAGON,Avenida de Italia #549 entre Línea y Paseo. Centro Habana.,ARISNEL RUZ ARAGON,55898108,PDZ1029,2025-11-27,2025-12-04,REFRESCO SANTA 33CL DE PINA,25,
DEYANIRA ZALDIVAR LUGO,ARISNEL RUZ ARAGON,Calle Neptuno #722 entre 10 de Octubre y Quinta Avenida. Playa.,ARISNEL RUZ ARAGON,55898108,PDZ1029,2025-11-27,2025-12-04,REFRESCO SANTA 33CL DE LIMON,64,
DEYANIRA ZALDIVAR LUGO,ARISNEL RUZ ARAGON,Paseo del Prado #270 junto al mercado. Centro Habana.,ARISNEL RUZ ARAGON,55898108,PDZ1029,2025-11-27,2025-12-04,REFRESCO SANTA 33CL DE NARANJA,197,
DEYANIRA ZALDIVAR LUGO,ARISNEL RUZ ARAGON,Paseo del Prado #283 entre 23 y 25. La Lisa.,ARISNEL RUZ ARAGON,55898108,PDZ1029,2025-11-27,2025-12-04,ACEITE GIRASOL 1L,118,
DEYANIRA ZALDIVAR LUGO,ARISNEL RUZ ARAGON,Paseo del Prado #307 entre 10 de Octubre y Quinta Avenida. San Miguel del Padrón.,ARISNEL RUZ ARAGON,55898108,PDZ1029,2025-11-27,2025-12-04,SAL YODADA 1KG,134,
DEYANIRA ZALDIVAR LUGO,ALEXI AGUILERA SOSA,Avenida de Italia #933 entre Oquendo y San Lázaro. San Miguel del Padrón.,ALEXI AGUILERA SOSA,54046161,PDZ1030,2025-11-19,2025-11-28,AGUA MINERAL 1.5L,32,
DEYANIRA ZALDIVAR LUGO,ALEXI AGUILERA SOSA,Calle Obispo #575 al lado del parque. Boyeros.,ALEXI AGUILERA SOSA,54046161,PDZ1030,2025-11-19,2025-11-28,CERVEZA CRISTAL 350ML,83,
DEYANIRA ZALDIVAR LUGO,ARISNEL RUZ ARAGON,Calle Neptuno #331 esquina a Malecón. Centro Habana.,ARISNEL RUZ ARAGON,55898108,PDZ1031,2025-11-18,2025-12-04,SAL YODADA 1KG,200,
DEYANIRA ZALDIVAR LUGO,ARISNEL RUZ ARAGON,Calle Obispo #249 cerca de la plaza. Cerro.,ARISNEL RUZ ARAGON,55898108,PDZ1031,2025-11-18,2025-12-04,ACEITE GIRASOL 1L,184,
DEYANIRA ZALDIVAR LUGO,ARISNEL RUZ ARAGON,Paseo del Prado #402 frente a la escuela. La Lisa.,ARISNEL RUZ ARAGON,55898108,PDZ1031,2025-11-18,2025-12-04,AGUA MINERAL 1.5L,27,
DEYANIRA ZALDIVAR LUGO,ALEXI AGUILERA SOSA,Avenida Salvador Allende #515 esquina a Consulado. Diez de Octubre.,ALEXI AGUILERA SOSA,54046161,PDZ1032,2025-11-26,2025-12-02,AGUA MINERAL 1.5L,175,
DEYANIRA ZALDIVAR LUGO,ALEXI AGUILERA SOSA,Calle Obispo #636 junto al mercado. Boyeros.,ALEXI AGUILERA SOSA,54046161,PDZ1032,2025-11-26,2025-12-02,ARROZ ENERGY 10 KG,48,
DEYANIRA ZALDIVAR LUGO,ALEXI AGUILERA SOSA,Calle Neptuno #128 junto al mercado. Playa.,ALEXI AGUILERA SOSA,54046161,PDZ1032,2025-11-26,2025-12-02,REFRESCO SANTA 33CL DE PINA,36,
DEYANIRA ZALDIVAR LUGO,ARIEL HERNANDEZ VARELA,Carretera Central #370 esquina a Malecón. Marianao.,ARIEL HERNANDEZ VARELA,53191579,PDZ1033,2025-12-03,2025-12-16,REFRESCO SANTA 33CL DE COLA,40,
DEYANIRA ZALDIVAR LUGO,ARIEL HERNANDEZ VARELA,Calle Galiano #407 entre 23 y 25. Centro Habana.,ARIEL HERNANDEZ VARELA,53191579,PDZ1033,2025-12-03,2025-12-16,ACEITE GIRASOL 1L,106,
DEYANIRA ZALDIVAR LUGO,ARIEL HERNANDEZ VARELA,Calle Obispo #429 cerca de la plaza. La Lisa.,ARIEL HERNANDEZ VARELA,53191579,PDZ1033,2025-12-03,2025-12-16,REFRESCO SANTA 33CL DE PINA,107,
DEYANIRA ZALDIVAR LUGO,ARIEL HERNANDEZ VARELA,Calle Obispo #540 esquina a Consulado. Boyeros.,ARIEL HERNANDEZ VARELA,53191579,PDZ1033,2025-12-03,2025-12-16,ACEITE GIRASOL 1L,148,
DEYANIRA ZALDIVAR LUGO,ARIEL HERNANDEZ VARELA,Calle Obispo #387 cerca de la plaza. Vedado.,ARIEL HERNANDEZ VARELA,53191579,PDZ1034,2025-11-26,2025-12-06,CERVEZA CRISTAL 350ML,124,
DEYANIRA ZALDIVAR LUGO,ARIEL HERNANDEZ VARELA,Avenida Salvador Allende #674 entre 23 y 25. Boyeros.,ARIEL HERNANDEZ VARELA,53191579,PDZ1034,2025-11-26,2025-12-06,AZUCAR REFINADA 1KG,184,
DEYANIRA ZALDIVAR LUGO,ARIEL HERNANDEZ VARELA,Avenida de Italia #861 junto al mercado. Boyeros.,ARIEL HERNANDEZ VARELA,53191579,PDZ1034,2025-11-26,2025-12-06,REFRESCO SANTA 33CL DE PINA,120,
DEYANIRA ZALDIVAR LUGO,ARIEL HERNANDEZ VARELA,Calle Obispo #550 entre Línea y Paseo. Centro Habana.,ARIEL HERNANDEZ VARELA,53191579,PDZ1034,2025-11-26,2025-12-06,SAL YODADA 1KG,104,
DEYANIRA ZALDIVAR LUGO,ARIEL HERNANDEZ VARELA,Calle Real #519 entre 10 de Octubre y Quinta Avenida. Vedado.,ARIEL HERNANDEZ VARELA,53191579,PDZ1034,2025-11-26,2025-12-06,AZUCAR REFINADA 1KG,61,
DEYANIRA ZALDIVAR LUGO,ALEXIS SANTOS MAYEDO HERRERA,Paseo del Prado #174 entre 10 de Octubre y Quinta Avenida. Diez de Octubre.,ALEXIS SANTOS MAYEDO HERRERA,58610346,PDZ1034,2025-11-26,2025-12-06,ARROZ ENERGY 10 KG,184,"Cliente solicita entrega urgente"
DEYANIRA ZALDIVAR LUGO,ALEXIS SANTOS MAYEDO HERRERA,Avenida de la Libertad #391 cerca de la plaza. Plaza de la Revolución.,ALEXIS SANTOS MAYEDO HERRERA,58610346,PDZ1034,2025-11-26,2025-12-06,REFRESCO SANTA 33CL DE PINA,50,
DEYANIRA ZALDIVAR LUGO,ARISNELY PENA ORASMA,Avenida Salvador Allende #157 al lado del parque. La Lisa.,ARISNELY PENA ORASMA,55545946,PDZ1034,2025-11-26,2025-12-06,SAL YODADA 1KG,57,
DEYANIRA ZALDIVAR LUGO,ARISNELY PENA ORASMA,Paseo del Prado #524 entre 10 de Octubre y Quinta Avenida. Marianao.,ARISNELY PENA ORASMA,55545946,PDZ1034,2025-11-26,2025-12-06,REFRESCO SANTA 33CL DE PINA,122,
DEYANIRA ZALDIVAR LUGO,ARISNELY PENA ORASMA,Carretera Central #792 esquina a Consulado. La Lisa.,ARISNELY PENA ORASMA,55545946,PDZ1034,2025-11-26,2025-12-06,AGUA MINERAL 1.5L,32,
DEYANIRA ZALDIVAR LUGO,ARISNELY PENA ORASMA,Avenida Salvador Allende #218 cerca de la plaza. Boyeros.,ARISNELY PENA ORASMA,55545946,PDZ1034,2025-11-26,2025-12-06,CERVEZA CRISTAL 350ML,189,
DEYANIRA ZALDIVAR LUGO,BEATRIZ NUNEZ CABRERA,Calle Real #908 al lado del parque. La Lisa.,BEATRIZ NUNEZ CABRERA,53874521,PDZ1035,2025-11-28,2025-12-04,SAL YODADA 1KG,138,
DEYANIRA ZALDIVAR LUGO,BEATRIZ NUNEZ CABRERA,Calle Obispo #471 frente a la escuela. Plaza de la Revolución.,BEATRIZ NUNEZ CABRERA,53874521,PDZ1035,2025-11-28,2025-12-04,AGUA MINERAL 1.5L,172,
DEYANIRA ZALDIVAR LUGO,BEATRIZ NUNEZ CABRERA,Calle San Rafael #653 entre 23 y 25. Vedado.,BEATRIZ NUNEZ CABRERA,53874521,PDZ1035,2025-11-28,2025-12-04,REFRESCO SANTA 33CL DE LIMON,30,
DEYANIRA ZALDIVAR LUGO,BEATRIZ NUNEZ CABRERA,Calle Neptuno #712 esquina a Malecón. Diez de Octubre.,BEATRIZ NUNEZ CABRERA,53874521,PDZ1035,2025-11-28,2025-12-04,CERVEZA CRISTAL 350ML,22,
DEYANIRA ZALDIVAR LUGO,CAMILO PEREZ SANCHEZ,Calle San Rafael #425 al lado del parque. Cerro.,CAMILO PEREZ SANCHEZ,54123698,PDZ1035,2025-11-28,2025-12-04,AZUCAR REFINADA 1KG,117,"Cliente solicita entrega urgente"
DEYANIRA ZALDIVAR LUGO,CAMILO PEREZ SANCHEZ,Calle Obispo #807 frente a la escuela. Plaza de la Revolución.,CAMILO PEREZ SANCHEZ,54123698,PDZ1035,2025-11-28,2025-12-04,ACEITE GIRASOL 1L,141,
DEYANIRA ZALDIVAR LUGO,CAMILO PEREZ SANCHEZ,Calle Obispo #179 entre 23 y 25. Cerro.,CAMILO PEREZ SANCHEZ,54123698,PDZ1035,2025-11-28,2025-12-04,CERVEZA CRISTAL 350ML,167,
DEYANIRA ZALDIVAR LUGO,CAMILO PEREZ SANCHEZ,Avenida de la Libertad #625 entre Oquendo y San Lázaro. San Miguel del Padrón.,CAMILO PEREZ SANCHEZ,54123698,PDZ1035,2025-11-28,2025-12-04,SAL YODADA 1KG,187,
DEYANIRA ZALDIVAR LUGO,CAMILO PEREZ SANCHEZ,Calle San Rafael #875 esquina a Malecón. San Miguel del Padrón.,CAMILO PEREZ SANCHEZ,54123698,PDZ1035,2025-11-28,2025-12-04,REFRESCO SANTA 33CL DE NARANJA,185,
DEYANIRA ZALDIVAR LUGO,ROLANDO ESCALONA RODRIGUEZ,Paseo del Prado #703 esquina a Consulado. Centro Habana.,ROLANDO ESCALONA RODRIGUEZ,56643308,PDZ1036,2025-11-19,2025-12-07,REFRESCO SANTA 33CL DE PINA,164,
DEYANIRA ZALDIVAR LUGO,ROLANDO ESCALONA RODRIGUEZ,Calle Neptuno #772 entre 10 de Octubre y Quinta Avenida. Boyeros.,ROLANDO ESCALONA RODRIGUEZ,56643308,PDZ1036,2025-11-19,2025-12-07,REFRESCO SANTA 33CL DE LIMON,67,
DEYANIRA ZALDIVAR LUGO,ROLANDO ESCALONA RODRIGUEZ,Calle Neptuno #115 al lado del parque. Cerro.,ROLANDO ESCALONA RODRIGUEZ,56643308,PDZ1036,2025-11-19,2025-12-07,AZUCAR REFINADA 1KG,118,
DEYANIRA ZALDIVAR LUGO,ALEXI AGUILERA SOSA,Calle San Rafael #916 entre 10 de Octubre y Quinta Avenida. Boyeros.,ALEXI AGUILERA SOSA,54046161,PDZ1036,2025-11-19,2025-12-07,SAL YODADA 1KG,61,
DEYANIRA ZALDIVAR LUGO,ALEXI AGUILERA SOSA,Avenida de Italia #603 cerca de la plaza. San Miguel del Padrón.,ALEXI AGUILERA SOSA,54046161,PDZ1036,2025-11-19,2025-12-07,AGUA MINERAL 1.5L,159,
DEYANIRA ZALDIVAR LUGO,ALEXI AGUILERA SOSA,Avenida de Italia #944 frente a la escuela. Playa.,ALEXI AGUILERA SOSA,54046161,PDZ1036,2025-11-19,2025-12-07,REFRESCO SANTA 33CL DE COLA,104,
DEYANIRA ZALDIVAR LUGO,ALEXI AGUILERA SOSA,Paseo del Prado #228 entre 10 de Octubre y Quinta Avenida. Vedado.,ALEXI AGUILERA SOSA,54046161,PDZ1036,2025-11-19,2025-12-07,ARROZ ENERGY 10 KG,128,
DEYANIRA ZALDIVAR LUGO,DANIEL ORTIZ FERNANDEZ,Calle Obispo #731 entre Oquendo y San Lázaro. Cerro.,DANIEL ORTIZ FERNANDEZ,55789012,PDZ1037,2025-11-25,2025-12-04,SAL YODADA 1KG,76,"Cliente solicita entrega urgente"
DEYANIRA ZALDIVAR LUGO,DANIEL ORTIZ FERNANDEZ,Avenida de Italia #778 cerca de la plaza. Cerro.,DANIEL ORTIZ FERNANDEZ,55789012,PDZ1037,2025-11-25,2025-12-04,CERVEZA CRISTAL 350ML,21,
DEYANIRA ZALDIVAR LUGO,DANIEL ORTIZ FERNANDEZ,Avenida de Italia #138 frente a la escuela. Cerro.,DANIEL ORTIZ FERNANDEZ,55789012,PDZ1037,2025-11-25,2025-12-04,SAL YODADA 1KG,149,
DEYANIRA ZALDIVAR LUGO,DANIEL ORTIZ FERNANDEZ,Avenida de la Libertad #915 frente a la escuela. Marianao.,DANIEL ORTIZ FERNANDEZ,55789012,PDZ1038,2025-12-05,2025-12-19,CERVEZA CRISTAL 350ML,180,
DEYANIRA ZALDIVAR LUGO,DANIEL ORTIZ FERNANDEZ,Calle San Rafael #498 cerca de la plaza. Centro Habana.,DANIEL ORTIZ FERNANDEZ,55789012,PDZ1038,2025-12-05,2025-12-19,ARROZ ENERGY 10 KG,106,
DEYANIRA ZALDIVAR LUGO,ARISNEL RUZ ARAGON,Calle Obispo #892 al lado del parque. Centro Habana.,ARISNEL RUZ ARAGON,55898108,PDZ1039,2025-12-06,2025-12-22,AZUCAR REFINADA 1KG,17,"Cliente solicita entrega urgente"
DEYANIRA ZALDIVAR LUGO,ARISNEL RUZ ARAGON,Calle Galiano #767 entre Oquendo y San Lázaro. Playa.,ARISNEL RUZ ARAGON,55898108,PDZ1039,2025-12-06,2025-12-22,CERVEZA CRISTAL 350ML,115,
DEYANIRA ZALDIVAR LUGO,ARISNEL RUZ ARAGON,Calle Obispo #602 entre Oquendo y San Lázaro. Playa.,ARISNEL RUZ ARAGON,55898108,PDZ1039,2025-12-06,2025-12-22,ACEITE GIRASOL 1L,183,